4,
5,abc_news.png
10,afp.png
16,aljazeera.png
18,all_things_considered.png
19,allafrica.png
20,alternet.png
26,
28,american_public_media.png
31,
37,arizona_republic.png
39,ars_technica.png
41,asia_times.png
43,associated_press.png
44,atlanta_journal.png
45,atlantic_monthly.png
49,
53,baltimore_sun.png
55,bbc_news.png
65,bloomberg.png
68,boing_boing.png
69,boston_globe.png
70,boston_herald.png
83,business_week.png
86,
89,canadian_broadcasting.png
90,
254414,capitalnews.png
96,cbs_news.png
97,center_for_public_integrity.png
102,
103,chicago_sun_times.png
104,chicago_tribune.png
108,christian_science_monitor.png
109,chronicle_higher_ed.png
110,cincinnati_enquirer.png
118,cleveland_plain_dealer.png
119,cnet_news.png
120,cnn.png
125,columbia_journalism_review.png
131,computerworld.png
150,crooks_and_liars.png
159,daily_mail.png
161,daily_show.png
162,daily_star_lebanon.png
163,daily_telegraph.png
165,dallas_morning_news.png
1791,
176,democracy_now.png
177,denver_post.png
178,der_spiegel.png
181,detroit_free_press.png
183,deutsche_welle_radio.png
184,digbys_hullabaloo.png
192,earth_times.png
193,economist.png
209,euronews.png
211,face_the_nation.png
212,factcheck.png
214,fast_company.png
216,financial_times.png
218,firedoglake.png
2907,fivethirtyeight.png
220,forbes.png
222,foreign_policy.png
223,fortune.png
226,fox_news.png
230,fresh_air.png
232,frontline.png
235,gallup.png
240,gigaom.png
243,global_voices.png
4434,globalpost.png
244,globe_and_mail_.png
250,grist.png
252,haaretz.png
255,harpers_magazine.png
266,houston_chronicle.png
268,huffington_post.png
282,informed_comment.png
290,ips.png
305,jerusalem_post.png
315,kansas_city_star.png
326,le_monde.png
331,linktv.png
334,los_angeles_times.png
339,marketwatch.png
1223,
341,mcclatchy.png
345,media_matters.png
347,meet_the_press.png
350,miami_herald.png
3922,miller_mccune.png
358,minneapolis_star_tribune.png
360,mit_technology_review.png
362,morning_edition.png
365,mother_jones.png
368,msnbc.png
375,national_geographic.png
376,national_journal.png
380,national_review.png
381,nature.png
382,nbc_news.png
388,new_america_media.png
392,new_republic.png
393,new_scientist.png
394,new_york_daily_news.png
395,new_york_magazine.png
397,new_york_post.png
398,ny_sun.png
399,new_york_times.png
400,new_yorker.png
404,newsbusters.png
408,newshour.png
413,newsweek.png
414,
379,npr.png
428,op_ed_news.png
443,pajamas_media.png
448,pew_research.png
450,philadelphia_inquirer.png
452,pittsburgh_post.png
5837,politics_daily.png
455,politifact.png
457,popular_science.png
461,power_line.png
462,poynter_institute.png
470,propublica.png
476,psychology_today.png
478,
483,radio_free_europe.png
487,raleigh_news.png
490,raw_story.png
491,read_write_web.png
492,real_clear_politics.png
493,reason.png
499,reuters.png
1835,robert_reich.png
505,rolling_stone.png
510,sacramento_bee.png
511,salon.png
512,salt_lake_tribune.png
513,san_diego_union_tribune.png
515,san_francisco_chronicle.png
517,san_jose_mercury_news.png
523,scienceblogs.png
525,scientific_american.png
531,seattle_post_intelligencer.png
532,seattle_times.png
548,slate.png
559,st_louis_post_dispatch.png
564,sydney_morning_herald.png
566,talking_points_memo.png
571,techcrunch.png
3916,ted.png
578,texas_observer.png
579,advocate.png
3093,daily_beast.png
600,the_guardian.png
601,the_hill.png
603,the_independent.png
607,moderate_voice.png
609,the_nation.png
611,new_orleans_times.png
612,ny_review_books.png
1629,
613,the_oreilly_factor.png
614,the_observer.png
615,oil_drum.png
616,politico.png
619,real_news.png
627,the_week.png
631,think_progress.png
632,this_week.png
633,time.png
635,times_of_india.png
637,tomdispatch.png
639,toronto_star.png
640,town_hall.png
642,treehugger.png
645,truthout.png
648,us_news.png
654,united_press_international.png
244751,urbanite.png
656,usa_today.png
658,vanity_fair.png
662,village_voice.png
665,voice_of_america.png
666,wall_street_journal.png
668,washington_independent.png
669,washington_monthly.png
671,washington_post.png
672,
674,weekly_standard.png
186886,
677,wikinews.png
678,wikipedia.png
680,wired.png
691,xinhua.png
693,yahoo_news.png
