4,583/60_minutes.gif
5,868/abc_news.gif
10,520/afp.gif
16,475/aljazeera.gif
18,358/all_things_considered.gif
19,
20,319/alternet.gif
26,874/american_prospect.gif
28,
31,
37,445/arizona_republic.gif
39,
41,298/asia_times.gif
43,463/associated_press.gif
44,466/atlanta_journal.gif
45,274/atlantic_monthly.gif
49,
53,109/baltimore_sun.gif
55,28/bbc_news.gif
65,739/bloomberg.gif
68,
69,196/boston_globe.gif
70,
83,694/business_week.gif
86,790/buzzmachine.gif
89,
90,
254414,30390/Capital_News_Service.jpeg
96,289/cbs_news.gif
97,10638/cpi_header_logo.gif
102,
103,370/chicago_sun_times.gif
104,46/chicago_tribune.gif
108,928/christian_science_monitor.gif
109,
110,
118,
119,562/cnet_news.gif
120,130/cnn.gif
125,
131,
150,
159,
161,17179/images7.jpeg
162,331/daily_star_lebanon.gif
163,121/daily_telegraph.gif
165,691/dallas_morning_news.gif
1791,1906/dawn.jpg
176,286/democracy_now.gif
177,
178,175/der_spiegel.gif
181,817/detroit_free_press.gif
183,1315/deutsche_well_radio.jpg
184,757/digbys_hullabaloo.gif
192,
193,100/economist.gif
209,
211,
212,910/factcheck.gif
214,
216,760/financial_times.gif
218,
2907,1291/fivethirtyeight.png
220,853/forbes.gif
222,820/foreign_policy.gif
223,616/fortune.gif
226,244/fox_news.gif
230,
232,643/frontline.gif
235,493/gallup.gif
240,
243,
4434,1741/homelogo.png
244,
250,157/grist.gif
252,
255,469/harpers_magazine.gif
266,103/houston_chronicle.gif
268,247/huffington_post.gif
282,91/informed_comment.gif
290,
305,283/jerusalem_post.gif
315,568/kansas_city_star.gif
326,
331,415/linktv.gif
334,184/los_angeles_times.gif
339,
1223,
341,502/mcclatchy.gif
345,
347,
350,763/miami_herald.gif
3922,2302/miller_mccune_logo.jpg
358,430/minneapolis_star_tribune.gif
360,799/mit_technology_review.gif
362,
365,313/mother_jones.gif
368,832/msnbc.gif
375,22/national_geographic.gif
376,
380,421/national_review.gif
381,
382,226/nbc_news.gif
388,1093/new_america_media.gif
392,10/new_republic.gif
393,
394,454/new_york_daily_news.gif
395,559/new_york_magazine.gif
397,538/new_york_post.gif
398,235/ny_sun.gif
399,580/new_york_times.gif
400,391/new_yorker.gif
404,919/newsbusters.gif
408,
413,733/newsweek.gif
414,
379,433/npr.gif
428,
443,
448,
450,907/philadelphia_inquirer.gif
452,
5837,2407/politics_daily_logo.png
455,754/politifact.gif
457,781/popular_science.gif
461,553/power_line.gif
462,
470,1144/propublica.png
476,
478,
483,
487,
490,73/raw_story.gif
491,
492,
493,
499,70/reuters.gif
1835,4996/robert_reich.jpg
505,490/rolling_stone.gif
510,
511,613/salon.gif
512,
513,778/san_diego_union_tribune.gif
515,979/san_francisco_chronicle.gif
517,943/san_jose_mercury_news.gif
523,
525,487/scientific_american.gif
531,
532,856/seattle_times.gif
548,811/slate.gif
559,55/st_louis_post_dispatch.gif
564,
566,
571,
3916,2542/ted_logo.gif
578,
579,
3093,1831/logo_header.png
600,679/the_guardian.gif
601,337/the_hill.gif
603,
607,
609,829/the_nation.gif
611,
612,
1629,1573/international_news_pakistan.gif
613,
614,
615,
616,
619,457/real_news.gif
627,
631,
632,
633,205/time.gif
635,847/times_of_india.gif
637,
639,148/toronto_star.gif
640,145/town_hall.gif
642,2419/treehugger.jpg
645,904/truthout.gif
648,
654,826/united_press_international.gif
244751,28654/urbanite.gif
656,4/usa_today.gif
658,280/vanity_fair.gif
662,
665,
666,427/wall_street_journal.gif
668,
669,484/washington_monthly.gif
671,1354/washington_post.jpg
672,658/washington_times.gif
674,304/weekly_standard.gif
186886,20499/wikileaks.png
677,
678,18795/600px-Wikipedia-logo.svg_.png
680,142/wired.gif
691,
693,676/yahoo_news.gif
